Date,Cumulative Return
2019-10-30,1.00094084829838
2019-10-31,0.9949254322379422
2019-11-01,1.007061097979582
2019-11-04,1.0164081975487498
2019-11-05,1.017386993081333
2019-11-06,1.017126781534155
2019-11-07,1.0162101069476894
2019-11-08,1.0150339310590624
2019-11-11,1.0140317568229074
2019-11-12,1.014295905250769
2019-11-13,1.009478773784945
2019-11-14,1.010100934479775
2019-11-15,1.013919209880648
2019-11-18,1.011278731782119
2019-11-19,1.012233431738661
2019-11-20,1.0082906450636369
2019-11-21,1.0038000777657181
2019-11-22,1.0060380973214194
2019-11-25,1.0155500253110523
2019-11-26,1.0182542138740556
2019-11-27,1.018564278617442
2019-11-29,1.0125165242296372
2019-12-02,1.0042895824610962
2019-12-03,1.0010723325308921
2019-12-04,1.0077316939265388
2019-12-05,1.0097280855663902
2019-12-06,1.0192032878921
2019-12-09,1.0130431491043743
2019-12-10,1.0115399650313985
2019-12-11,1.0197868707734699
2019-12-12,1.0287802835004178
2019-12-13,1.0252600303099886
2019-12-16,1.0283851499596466
2019-12-17,1.026727526071459
2019-12-18,1.0265622244231858
2019-12-19,1.0280739900174345
2019-12-20,1.03089999434514
2019-12-23,1.0304647867044574
2019-12-24,1.031227853488939
2019-12-26,1.0349957181481955
2019-12-27,1.0354706149413029
2019-12-30,1.0329327015928733
2019-12-31,1.034472382182297
2020-01-02,1.0387634793868874
2020-01-03,1.0352951816395832
2020-01-06,1.0354971756995748
2020-01-07,1.033583160496935
2020-01-08,1.0330857932553632
2020-01-09,1.0336591827627701
2020-01-10,1.0345587175083542
2020-01-13,1.0416616966949952
2020-01-14,1.0421651542139132
2020-01-15,1.0426123725858785
2020-01-16,1.0505694618159405
2020-01-17,1.0525940424508868
2020-01-21,1.049144165237665
2020-01-22,1.0487630171149314
2020-01-23,1.049134721754721
2020-01-24,1.042239165818847
2020-01-27,1.0248312295217905
2020-01-28,1.0321073384754762
2020-01-29,1.0302964596190851
2020-01-30,1.0277415014342164
2020-01-31,1.0095857549483043
2020-02-03,1.0201219157411985
2020-02-04,1.0347861819384339
2020-02-05,1.046916033277196
2020-02-06,1.0461853198809352
2020-02-07,1.0377709066090846
2020-02-10,1.0420308048030362
2020-02-11,1.0537847533641942
2020-02-12,1.0627490567240734
2020-02-13,1.0606553203901323
2020-02-14,1.06033079099216
2020-02-18,1.0555043007366154
2020-02-19,1.060304565285236
2020-02-20,1.0594371084877992
2020-02-21,1.053453489081495
2020-02-24,1.0243527761985287
2020-02-25,0.9954597510797577
2020-02-26,0.9882940925990922
2020-02-27,0.9574611696665956
2020-02-28,0.9395160210367459
2020-03-02,0.9720568613556773
2020-03-03,0.9579661315607896
2020-03-04,0.9873051083406347
2020-03-05,0.9677633528054823
2020-03-06,0.9481140161140361
2020-03-09,0.8707400570316652
2020-03-10,0.895287899394869
2020-03-11,0.858575074583811
2020-03-12,0.7710547756487169
2020-03-13,0.8075640234607652
2020-03-16,0.7096277762523571
2020-03-17,0.7242426644604854
2020-03-18,0.6631978094863241
2020-03-19,0.7142665934747275
2020-03-20,0.6947874763981071
2020-03-23,0.6753481034641045
2020-03-24,0.736009385065318
2020-03-25,0.7638692313058898
2020-03-26,0.7839187158708893
2020-03-27,0.7823167824248087
2020-03-30,0.793318751762393
2020-03-31,0.7941118724036094
2020-04-01,0.7573123385144561
2020-04-02,0.7682254930799556
2020-04-03,0.7595917271293338
2020-04-06,0.8046582094201126
2020-04-07,0.8132133266019399
2020-04-08,0.833012691959463
2020-04-09,0.8510273884330181
2020-04-13,0.8393930002426349
2020-04-14,0.8623382119284114
2020-04-15,0.8414503395421404
2020-04-16,0.8412098830574121
2020-04-17,0.8647961681326398
2020-04-20,0.8548215602987909
2020-04-21,0.8397052673898218
2020-04-22,0.8522965634525383
2020-04-23,0.861563087990224
2020-04-24,0.8718453929023815
2020-04-27,0.8875339095400998
2020-04-28,0.9003424843320498
2020-04-29,0.9258073876464048
2020-04-30,0.908721355412263
2020-05-01,0.8901500927314991
2020-05-04,0.8953407078867274
2020-05-05,0.9018603530015831
2020-05-06,0.8885672664004988
2020-05-07,0.898915727728452
2020-05-08,0.918482709926151
2020-05-11,0.912613953103631
2020-05-12,0.8925724324383517
2020-05-13,0.8739808630148209
2020-05-14,0.8751449060539278
2020-05-15,0.8833901478939105
2020-05-18,0.9216039859720957
2020-05-19,0.9165160268391636
2020-05-20,0.9282574446845266
2020-05-21,0.9248087375973132
2020-05-22,0.9269290363413117
2020-05-26,0.9492226895251548
2020-05-27,0.9723147715003618
2020-05-28,0.9620198815572578
2020-05-29,0.9649549107503641
2020-06-01,0.9760709062302853
2020-06-02,0.9841616609017585
2020-06-03,1.0000142396329696
2020-06-04,0.9972173134201486
2020-06-05,1.019523482425486
2020-06-08,1.0277837531261587
2020-06-09,1.0201527178053271
2020-06-10,1.0097068361414998
2020-06-11,0.9485790306833901
2020-06-12,0.9614762599563228
2020-06-15,0.9707519436768057
2020-06-16,0.9901575480444346
2020-06-17,0.985106093717953
2020-06-18,0.9819325669750287
2020-06-19,0.9758301881827811
2020-06-22,0.9843111878492378
2020-06-23,0.9890456994696503
2020-06-24,0.9658008326909139
2020-06-25,0.9709983273093434
2020-06-26,0.9575679760214109
2020-06-29,0.9730239798821793
2020-06-30,0.9886313240827264
2020-07-01,0.9844635848547689
2020-07-02,0.9919888859452359
2020-07-06,1.0039910419684601
2020-07-07,0.9949235074749772
2020-07-08,1.005027883221128
2020-07-09,0.994056683935805
2020-07-10,1.0018953015072942
2020-07-13,0.9980168831745748
2020-07-14,1.0150921435242295
2020-07-15,1.0347955408554108
2020-07-16,1.034967566840186
2020-07-17,1.0421989545449668
2020-07-20,1.0478849162763355
2020-07-21,1.0539150635131909
2020-07-22,1.0641592325389178
2020-07-23,1.0602260445305294
2020-07-24,1.055114959089332
2020-07-27,1.0737185451544513
2020-07-28,1.0621015878882336
2020-07-29,1.0705157237695457
2020-07-30,1.0598079128949136
2020-07-31,1.0597064906230278
2020-08-03,1.0704444742469448
2020-08-04,1.0781444329788934
2020-08-05,1.0917193679807022
2020-08-06,1.0917444661423703
2020-08-07,1.0948836290017177
2020-08-10,1.101298417664256
2020-08-11,1.096099089503899
2020-08-12,1.1076568206290316
2020-08-13,1.105059478832014
2020-08-14,1.1034888517516896
2020-08-17,1.1145787568460934
2020-08-18,1.1099658732205198
2020-08-19,1.1099672784353414
2020-08-20,1.1092516818533822
2020-08-21,1.1049598389070643
2020-08-24,1.112559643903275
2020-08-25,1.1166400386871085
2020-08-26,1.121606202827933
2020-08-27,1.1215435946114694
2020-08-28,1.1333447516582422
2020-08-31,1.1348838860532056
2020-09-01,1.1436102441480274
2020-09-02,1.1493175666446303
2020-09-03,1.1138803080722937
2020-09-04,1.1066006738672647
2020-09-08,1.0817608293919538
2020-09-09,1.1034118252554153
2020-09-10,1.0910271688713884
2020-09-11,1.0934704095214878
2020-09-14,1.1086535259817858
2020-09-15,1.108433868662402
2020-09-16,1.1125491448308031
2020-09-17,1.1050513149429166
2020-09-18,1.0961367113013842
2020-09-21,1.0745425826857853
2020-09-22,1.0821885568284881
2020-09-23,1.0570754088168313
2020-09-24,1.0607470350928594
2020-09-25,1.0686481589460028
2020-09-28,1.085149528981342
2020-09-29,1.0830134160245357
2020-09-30,1.0885311354726126
2020-10-01,1.0885524065319927
2020-10-02,1.0920602392418153
2020-10-05,1.1093311274213984
2020-10-06,1.098976974457845
2020-10-07,1.1172402827454955
2020-10-08,1.1237301808490097
2020-10-09,1.131605812765092
2020-10-12,1.1383727570237343
2020-10-13,1.1298253444597015
2020-10-14,1.1261518316477575
2020-10-15,1.1280793009688985
2020-10-16,1.1243007708592068
2020-10-19,1.122420464731945
2020-10-20,1.1333208744256444
2020-10-21,1.128481990150404
2020-10-22,1.1287381868273212
2020-10-23,1.1330600316552866
2020-10-26,1.1134778160700252
2020-10-27,1.1039913015020932
2020-10-28,1.0774432001639966
2020-10-29,1.087093897283441
2020-10-30,1.0805464894149088
2020-11-02,1.0986524965091702
2020-11-03,1.1171131651687252
2020-11-04,1.1189494182484039
2020-11-05,1.143886805189328
2020-11-06,1.1439905267660104
2020-11-09,1.1488257750218882
2020-11-10,1.158856007813669
2020-11-11,1.1697604874660879
2020-11-12,1.1545840621150854
2020-11-13,1.1635706481792332
2020-11-16,1.1810302959702186
2020-11-17,1.1807069042549407
2020-11-18,1.1765463516356902
2020-11-19,1.1777248584647964
2020-11-20,1.177539372311127
2020-11-23,1.1898428724402723
2020-11-24,1.2082185635729694
2020-11-25,1.2046766103840534
2020-11-27,1.208481490247695
2020-11-30,1.1971862496233865
2020-12-01,1.203420441200588
2020-12-02,1.204597610145512
2020-12-03,1.2156788690786837
2020-12-04,1.2420175544523162
2020-12-07,1.256628583718047
2020-12-08,1.2541066332609874
2020-12-09,1.246733457668225
2020-12-10,1.2593756348281935
2020-12-11,1.2641121223173126
2020-12-14,1.268659161810123
2020-12-15,1.2938593602038915
2020-12-16,1.2908213829662336
2020-12-17,1.2990223947361053
2020-12-18,1.3019186254840163
2020-12-21,1.2951775817843574
2020-12-22,1.2958282911224355
2020-12-23,1.3086471308170615
2020-12-24,1.3122035764544904
2020-12-28,1.3186690073232352
2020-12-29,1.3090951313237207
2020-12-30,1.3163379394107306
2020-12-31,1.319084113940537
2021-01-04,1.3116594757867104
2021-01-05,1.3385489131073316
2021-01-06,1.3655428662934495
2021-01-07,1.3942830575917493
2021-01-08,1.3800577456857304
2021-01-11,1.375275455323909
2021-01-12,1.3772576179388984
2021-01-13,1.3751114418302262
2021-01-14,1.386074008486178
2021-01-15,1.3622166293857465
2021-01-19,1.368777046892666
2021-01-20,1.3849389835568118
2021-01-21,1.3824182930647195
2021-01-22,1.377247769722189
2021-01-25,1.3767277442733106
2021-01-26,1.373148168391345
2021-01-27,1.3345580058922883
2021-01-28,1.3412448515674231
2021-01-29,1.3174023319975245
2021-02-01,1.3625133814064887
2021-02-02,1.3723640410018092
2021-02-03,1.3747960630338336
2021-02-04,1.379938231939927
2021-02-05,1.400703320392527
2021-02-08,1.4317072533630375
2021-02-09,1.4311352754803648
2021-02-10,1.436825805313745
2021-02-11,1.4451296727571161
2021-02-12,1.4494128189924018
2021-02-16,1.4704161234613864
2021-02-17,1.4700311343202659
2021-02-18,1.4427458442021859
2021-02-19,1.4724375603337887
2021-02-22,1.4694564680519193
2021-02-23,1.4631942381726988
2021-02-24,1.4802669994792743
2021-02-25,1.4487601167249122
2021-02-26,1.4312465033571449
2021-03-01,1.4624442834463407
2021-03-02,1.4722626549189255
2021-03-03,1.4609030660311213
2021-03-04,1.4129557036767244
2021-03-05,1.4430097799721362
2021-03-08,1.437982122286724
2021-03-09,1.4529712886638901
2021-03-10,1.4653516173292767
2021-03-11,1.4927249344597455
2021-03-12,1.50537560053803
2021-03-15,1.5282896622783158
2021-03-16,1.5233090873833461
2021-03-17,1.531104645160053
2021-03-18,1.5016781279048987
2021-03-19,1.4971940790208842
2021-03-22,1.4976350629985589
2021-03-23,1.459604652121326
2021-03-24,1.4524480558780546
2021-03-25,1.463777760486485
2021-03-26,1.4995349090329078
2021-03-29,1.4852077688444945
2021-03-30,1.4909332376540625
2021-03-31,1.499519790715348
2021-04-01,1.5275688253397826
2021-04-05,1.555969211007372
2021-04-06,1.5556249763781438
2021-04-07,1.5394892931733792
2021-04-08,1.5506418994210476
2021-04-09,1.5561960809869535
2021-04-12,1.540892489379812
2021-04-13,1.5372934329015766
2021-04-14,1.5403680062397405
2021-04-15,1.5520405642502246
2021-04-16,1.5634905259809182
2021-04-19,1.5511560110306548
2021-04-20,1.5291555810934365
2021-04-21,1.5480891191676667
2021-04-22,1.5375768560803273
2021-04-23,1.5589900027002013
2021-04-26,1.5686979977485414
2021-04-27,1.5738919395664825
2021-04-28,1.5788730005134792
2021-04-29,1.5809779217127466
2021-04-30,1.5638692820432507
2021-05-03,1.5935307956592728
2021-05-04,1.585003290951988
2021-05-05,1.6029940685156214
2021-05-06,1.6119764628855295
2021-05-07,1.64314317081916
2021-05-10,1.6320251178748293
2021-05-11,1.6114435824799012
2021-05-12,1.562007295951503
2021-05-13,1.5699292255448973
2021-05-14,1.5996544241843096
2021-05-17,1.6060249215354914
2021-05-18,1.5988092937280405
2021-05-19,1.5770519863437953
2021-05-20,1.5907719115189727
2021-05-21,1.586983849307094
2021-05-24,1.5910913618989846
2021-05-25,1.585567214202315
2021-05-26,1.598504132493079
2021-05-27,1.6191795002891858
2021-05-28,1.6195449006631504
2021-06-01,1.6394012325331175
2021-06-02,1.6353472039736903
2021-06-03,1.622577885615098
2021-06-04,1.6425033488672165
2021-06-07,1.645647446462529
2021-06-08,1.6467427701940724
2021-06-09,1.638536421587956
2021-06-10,1.637661060841447
2021-06-11,1.6435910200764445
2021-06-14,1.6156645166904142
2021-06-15,1.6210878243113604
2021-06-16,1.6116570512933488
2021-06-17,1.585023670945288
2021-06-18,1.5588921392518176
2021-06-21,1.5814916276838393
2021-06-22,1.5945253095633989
2021-06-23,1.5928442705047545
2021-06-24,1.6116553443048942
2021-06-25,1.617697195833928
2021-06-28,1.6100277798499796
2021-06-29,1.601731979239342
2021-06-30,1.607385760646302
2021-07-01,1.6160606384304994
2021-07-02,1.6165110966084526
2021-07-06,1.5985687510799265
2021-07-07,1.6015904676737387
2021-07-08,1.5755613104801047
2021-07-09,1.599800015567116
2021-07-12,1.6040981809747843
2021-07-13,1.5870341687772722
2021-07-14,1.5815453060619324
2021-07-15,1.578717106452878
2021-07-16,1.5550210837350094
2021-07-19,1.5240428714453917
2021-07-20,1.5513025872863593
2021-07-21,1.5801053476269722
2021-07-22,1.5756188931909372
2021-07-23,1.5834827760718464
2021-07-26,1.5923728460694022
2021-07-27,1.582593107153338
2021-07-28,1.603415646249415
2021-07-29,1.6217088128918973
2021-07-30,1.6105484681812967
2021-08-02,1.6023256117534448
2021-08-03,1.6149850644044552
2021-08-04,1.5966138505307312
2021-08-05,1.606600238209299
2021-08-06,1.6067579727632355
2021-08-09,1.5983304766675288
2021-08-10,1.6165534652464328
2021-08-11,1.6284000808671917
2021-08-12,1.6257336940627862
2021-08-13,1.6170680074848793
2021-08-16,1.6053213200992216
2021-08-17,1.5800722823112854
2021-08-18,1.571450745605621
2021-08-19,1.5504199757207537
2021-08-20,1.5654159547369204
2021-08-23,1.5936147649232517
2021-08-24,1.6093501789481741
2021-08-25,1.616828253718227
2021-08-26,1.6036953262892546
2021-08-27,1.6341804009746028
2021-08-30,1.6457736131019693
2021-08-31,1.653444842462777
2021-09-01,1.6636675819994389
2021-09-02,1.6942555508334078
2021-09-03,1.7071105881719686
2021-09-07,1.7116062661748308
2021-09-08,1.6976147117813531
2021-09-09,1.6912864266580692
2021-09-10,1.7122218401597762
2021-09-13,1.7257981648015266
2021-09-14,1.7122181455710532
2021-09-15,1.7509324239337172
2021-09-16,1.7318856559214804
2021-09-17,1.6922700134166295
2021-09-20,1.6455594887995126
2021-09-21,1.6498940743718324
2021-09-22,1.6648187215353978
2021-09-23,1.684846660331738
2021-09-24,1.659909225547998
2021-09-27,1.6862675418681823
2021-09-28,1.651686654940363
2021-09-29,1.6464966192376007
2021-09-30,1.6375516080458794
2021-10-01,1.6585701614654862
2021-10-04,1.6460249568721015
2021-10-05,1.6561950606079607
2021-10-06,1.6425036843399645
2021-10-07,1.6730635292257139
2021-10-08,1.65859092044713
2021-10-11,1.6615671497551519
2021-10-12,1.700464904670476
2021-10-13,1.7328612607464173
2021-10-14,1.7479349743194392
2021-10-15,1.7495406796937176
2021-10-18,1.7724418439167424
2021-10-19,1.779311204818707
2021-10-20,1.7955017815191208
2021-10-21,1.7840277929732562
2021-10-22,1.7806889915404136
2021-10-25,1.7979039860011932
2021-10-26,1.7964453789017605
2021-10-27,1.7635069459878177
2021-10-28,1.7817185590160016
2021-10-29,1.7739937256848732
2021-11-01,1.7974062693489699
2021-11-02,1.7954084619277983
2021-11-03,1.8305911382079287
2021-11-04,1.8377671357467846
2021-11-05,1.844631516137247
2021-11-08,1.873949898193861
2021-11-09,1.8762874573721677
2021-11-10,1.839148717911458
2021-11-11,1.8611075125286367
2021-11-12,1.8741215855351099
2021-11-15,1.8604237547856335
2021-11-16,1.8535073281983059
2021-11-17,1.8457424031090943
2021-11-18,1.851149068464823
2021-11-19,1.8315611834703025
2021-11-22,1.8298312373414596
2021-11-23,1.83534967525618
2021-11-24,1.83225692467932
2021-11-26,1.7799647809474692
2021-11-29,1.7950664475071008
2021-11-30,1.7486145124720551
2021-12-01,1.726318085630567
2021-12-02,1.764228425306613
2021-12-03,1.7360848371290238
2021-12-06,1.7532848338948956
2021-12-07,1.8022567151733342
2021-12-08,1.8059035083761896
2021-12-09,1.7838485165336109
2021-12-10,1.7807596568623765
2021-12-13,1.7557101151404326
2021-12-14,1.7336472821029352
2021-12-15,1.7652325074433588
2021-12-16,1.7536494072498432
2021-12-17,1.728062103032333
2021-12-20,1.696211188456027
2021-12-21,1.7497044424955306
2021-12-22,1.7610177066454307
2021-12-23,1.7748552417333452
2021-12-27,1.8042166184741346
2021-12-28,1.7899966032605354
2021-12-29,1.7911014713551277
2021-12-30,1.778278538112256
2021-12-31,1.7943389297598051
2022-01-03,1.8117364110153888
2022-01-04,1.8226632628917534
2022-01-05,1.802957753470712
2022-01-06,1.78274189163576
2022-01-07,1.780480993814747
2022-01-10,1.7610834354028688
2022-01-11,1.7874242619538294
2022-01-12,1.7977862841044248
2022-01-13,1.7735930671271554
2022-01-14,1.7631423571871372
2022-01-18,1.7248430331533882
2022-01-19,1.714846920658384
2022-01-20,1.6935590255064228
2022-01-21,1.6495216213134862
2022-01-24,1.6591460894815675
2022-01-25,1.6464459318434426
2022-01-26,1.6214599524642122
2022-01-27,1.5892811485147955
2022-01-28,1.605954993075745
2022-01-31,1.652059038622294
2022-02-01,1.6813017776509764
2022-02-02,1.6741085854707838
2022-02-03,1.6403769155662173
2022-02-04,1.6453626441170233
2022-02-07,1.6509526020508858
2022-02-08,1.6661264736213497
2022-02-09,1.7235596709900596
2022-02-10,1.6969687821006496
2022-02-11,1.6709615883648452
2022-02-14,1.6607398859494662
2022-02-15,1.6897739130202105
2022-02-16,1.6964158485176055
2022-02-17,1.6667165054605977
2022-02-18,1.6500521575259885
2022-02-22,1.631840555155257
2022-02-23,1.6153933829834792
2022-02-24,1.6462164523210447
2022-02-25,1.690754806678899
2022-02-28,1.7095415466905228
2022-03-01,1.6952214748980414
2022-03-02,1.733165372565606
2022-03-03,1.719415933692024
2022-03-04,1.6853062877389122
2022-03-07,1.6584806426570133
2022-03-08,1.6745443713754073
2022-03-09,1.7264031309446606
2022-03-10,1.7301950393927072
2022-03-11,1.7086956524935608
2022-03-14,1.6731361957610031
2022-03-15,1.6858275678109504
2022-03-16,1.7173930715162686
2022-03-17,1.758995833060165
2022-03-18,1.7680194151278963
2022-03-21,1.7766148952047174
2022-03-22,1.7878996367292366
2022-03-23,1.766194676454148
2022-03-24,1.7779300851197997
2022-03-25,1.7743847960837855
2022-03-28,1.7641040644424852
2022-03-29,1.7820015871996933
2022-03-30,1.7707340083288
2022-03-31,1.7588994244068443
2022-04-01,1.76328268319805
2022-04-04,1.7634261741981563
2022-04-05,1.73888260275346
2022-04-06,1.7254020470947606
2022-04-07,1.7491741483622396
2022-04-08,1.752403957730151
2022-04-11,1.7395016650465855
2022-04-12,1.7399121381553475
2022-04-13,1.7687374950078925
2022-04-14,1.7561288193880447
2022-04-18,1.7436355128247445
2022-04-19,1.7633392030769428
2022-04-20,1.7830731915148212
2022-04-21,1.7269398537708742
2022-04-22,1.6820003589075199
2022-04-25,1.6719500637053781
2022-04-26,1.641885023127254
2022-04-27,1.6522523501660022
2022-04-28,1.6753360263908177
2022-04-29,1.6393406936185095
2022-05-02,1.6381215057176766
2022-05-03,1.659391825626294
2022-05-04,1.7004335693053145
2022-05-05,1.6416256220072787
2022-05-06,1.6227865163233843
2022-05-09,1.5608950795931469
2022-05-10,1.5556463109249008
2022-05-11,1.5290812384492876
2022-05-12,1.5222709028543668
2022-05-13,1.572132464267209
2022-05-16,1.5734011076872338
2022-05-17,1.614377845738779
2022-05-18,1.5605859707527414
2022-05-19,1.5707584890149409
2022-05-20,1.567972847709932
2022-05-23,1.592091640643458
2022-05-24,1.5793711427435424
2022-05-25,1.5940918856928228
2022-05-26,1.6252156153811588
2022-05-27,1.6571199235905654
2022-05-31,1.6462118186961388
2022-06-01,1.6317946167479054
2022-06-02,1.6728663913971382
2022-06-03,1.6554581985322705
2022-06-06,1.6645990022430912
2022-06-07,1.695640809716618
2022-06-08,1.6757829455896975
2022-06-09,1.6411442704077708
2022-06-10,1.6002318227235337
2022-06-13,1.5215685070080216
2022-06-14,1.5017880243330581
2022-06-15,1.518155420429282
2022-06-16,1.460649448580677
2022-06-17,1.4589614029398414
2022-06-21,1.484696257582465
2022-06-22,1.4683083802835444
2022-06-23,1.4616239806110107
2022-06-24,1.5120871856946665
2022-06-27,1.5235963885158232
2022-06-28,1.5039675296234951
2022-06-29,1.4825930558325398
2022-06-30,1.4765974607074885
2022-07-01,1.4952026481084095
2022-07-05,1.4749314116466659
2022-07-06,1.4712289292716263
2022-07-07,1.5128546304688673
2022-07-08,1.5168768796839758
2022-07-11,1.4930842153710244
2022-07-12,1.4808875725740431
2022-07-13,1.4756396936369685
2022-07-14,1.473871237208605
2022-07-15,1.49192129299911
2022-07-18,1.4989113123369955
2022-07-19,1.5448459100251266
2022-07-20,1.5539717414770189
2022-07-21,1.5579112140684857
2022-07-22,1.5445616707061074
2022-07-25,1.554645565750135
2022-07-26,1.5513798984684684
2022-07-27,1.6030871693188002
2022-07-28,1.6322528972110586
2022-07-29,1.6530686525818634
2022-08-01,1.6444379966791791
2022-08-02,1.6267051980949172
2022-08-03,1.6324929714712777
2022-08-04,1.634041259923845
2022-08-05,1.6405813709923631
2022-08-08,1.651475186595722
2022-08-09,1.6343254706489678
2022-08-10,1.6699534645724419
2022-08-11,1.6801619659922924
2022-08-12,1.6949402466374877
2022-08-15,1.6864106666018652
2022-08-16,1.691908479205562
2022-08-17,1.6670059828509798
2022-08-18,1.6741903627751418
2022-08-19,1.6400269774550753
2022-08-22,1.614640886927358
2022-08-23,1.6278505127963705
2022-08-24,1.6742150879809508
2022-08-25,1.6947042419718563
2022-08-26,1.643531994681291
2022-08-29,1.6610917915577166
2022-08-30,1.642885050240507
2022-08-31,1.6326664121538068
2022-09-01,1.6097354878795578
2022-09-02,1.6042802899611905
2022-09-06,1.6052339036339844
2022-09-07,1.6347148798019202
2022-09-08,1.6537813242957429
2022-09-09,1.6761336098179034
2022-09-12,1.6824422388699216
2022-09-13,1.627086815477783
2022-09-14,1.6300353144580233
2022-09-15,1.6065609309132862
2022-09-16,1.591863226331525
2022-09-19,1.6027306058200645
2022-09-20,1.5838024001313034
2022-09-21,1.5585682902801399
2022-09-22,1.538502963622996
2022-09-23,1.490530605498301
2022-09-26,1.4711623769078241
2022-09-27,1.4831565062826078
2022-09-28,1.527297026892797
2022-09-29,1.4937422819959782
2022-09-30,1.4839217646725065
2022-10-03,1.5260472766394038
2022-10-04,1.5820543436860466
2022-10-05,1.5825834071689333
2022-10-06,1.5548661968564659
2022-10-07,1.5181131218437764
2022-10-10,1.5013589209134677
2022-10-11,1.4988615794360558
2022-10-12,1.4849745916413406
2022-10-13,1.5178641174475969
2022-10-14,1.4820221755686158
2022-10-17,1.522838750631197
2022-10-18,1.5469053799423018
2022-10-19,1.5164078045799192
2022-10-20,1.508258617149743
2022-10-21,1.5453378661138844
2022-10-24,1.5518856512785502
2022-10-25,1.5869311172651352
2022-10-26,1.597279664723098
2022-10-27,1.589692192166242
2022-10-28,1.614555378725953
2022-10-31,1.5992014700530794
2022-11-01,1.6055992308357812
2022-11-02,1.5653649455964616
2022-11-03,1.5584900708891956
2022-11-04,1.5915264967231262
2022-11-07,1.6077857810776486
2022-11-08,1.6255344007231096
2022-11-09,1.5884166452806272
2022-11-10,1.6738023414140872
2022-11-11,1.6897809907406125
2022-11-14,1.6731921483505183
2022-11-15,1.6895435027260597
2022-11-16,1.6695788675650582
2022-11-17,1.6548297506684766
2022-11-18,1.6627131361305434
2022-11-21,1.6536111440580186
2022-11-22,1.6768047241497417
2022-11-23,1.6878738000444502
2022-11-25,1.6876975889414836
2022-11-28,1.6573617285513813
2022-11-29,1.6646917863147688
2022-11-30,1.7085484309347463
2022-12-01,1.702625155178759
2022-12-02,1.7058939727507414
2022-12-05,1.667677956210523
2022-12-06,1.6446893699490532
2022-12-07,1.6471804557833882
2022-12-08,1.6629841357518755
2022-12-09,1.6504978233696124
2022-12-12,1.6638181978780127
2022-12-13,1.675616554967313
2022-12-14,1.6652611831199795
2022-12-15,1.638243098347783
2022-12-16,1.6256803563448383
2022-12-19,1.611699584762573
2022-12-20,1.6149342474047572
2022-12-21,1.6444710813210928
2022-12-22,1.6223389169296678
2022-12-23,1.6352705221425798
2022-12-27,1.6487275728424764
2022-12-28,1.6164072645578678
2022-12-29,1.6392000837917036
2022-12-30,1.6346359494201714
2023-01-03,1.6348054744198153
2023-01-04,1.6508006114465659
2023-01-05,1.6405218657119243
2023-01-06,1.685730069310211
2023-01-09,1.6944777920022713
2023-01-10,1.709869152564342
2023-01-11,1.7285020045123076
2023-01-12,1.7446959653589436
2023-01-13,1.7475307209809632
2023-01-17,1.7363403425257005
2023-01-18,1.7125406867148534
2023-01-19,1.70144599644506
2023-01-20,1.729792524179058
2023-01-23,1.7441373375064833
2023-01-24,1.748094143972258
2023-01-25,1.7526288369603542
2023-01-26,1.764028922466589
2023-01-27,1.774939510073224
2023-01-30,1.7654651157252996
2023-01-31,1.7890971600656507
2023-02-01,1.8123804294427641
2023-02-02,1.8143998144125606
2023-02-03,1.7873296359974888
2023-02-06,1.768443898521067
2023-02-07,1.7884002249414441
2023-02-08,1.7736194503605902
2023-02-09,1.7683989744205415
2023-02-10,1.7725795322078266
2023-02-13,1.789183015714053
2023-02-14,1.7952603195823689
2023-02-15,1.7997699949700483
2023-02-16,1.7854374446381058
2023-02-17,1.7771910726412492
2023-02-21,1.7343137596592917
2023-02-22,1.7273573182684236
2023-02-23,1.739847226272631
2023-02-24,1.7269495609503114
2023-02-27,1.736912518931046
2023-02-28,1.7345898743947201
2023-03-01,1.7502862688316443
2023-03-02,1.7539381541258132
2023-03-03,1.7810558513560466
2023-03-06,1.764023078973465
2023-03-07,1.7302847916015633
2023-03-08,1.7313026504324271
2023-03-09,1.7072712613739502
2023-03-10,1.6743405668795126
2023-03-13,1.6639876748626823
2023-03-14,1.6788419144353053
2023-03-15,1.6382212820353976
2023-03-16,1.6650699198269687
2023-03-17,1.6457341427727472
2023-03-20,1.6682355743747792
2023-03-21,1.6887498600003081
2023-03-22,1.6699661082515391
2023-03-23,1.6600507659919883
2023-03-24,1.6590690394185303
2023-03-27,1.6715536865993752
2023-03-28,1.684273104793533
2023-03-29,1.7104874643596608
2023-03-30,1.7227275654093845
2023-03-31,1.740672879517312
2023-04-03,1.7480401558254701
2023-04-04,1.7158996272434155
2023-04-05,1.697799075834346
2023-04-06,1.6947624073971612
2023-04-10,1.7052598967582528
2023-04-11,1.7228416651562997
2023-04-12,1.7236892357130789
2023-04-13,1.7439268234025467
2023-04-14,1.7395712178540708
2023-04-17,1.7451557982960495
2023-04-18,1.7515843640860957
2023-04-19,1.7409726865307262
2023-04-20,1.7358872999342152
2023-04-21,1.729835025775888
2023-04-24,1.7325885394219729
2023-04-25,1.7168911165592078
2023-04-26,1.7021654648292692
2023-04-27,1.7371239207157276
2023-04-28,1.756659426598676
2023-05-01,1.7529565038348278
2023-05-02,1.7320357451282722
2023-05-03,1.7300433018161494
2023-05-04,1.7144317801620832
2023-05-05,1.7562989127316375
2023-05-08,1.7600434452783547
2023-05-09,1.7671273216905117
2023-05-10,1.7700210432640398
2023-05-11,1.7500326166105769
2023-05-12,1.7541777955553746
2023-05-15,1.7627163547172273
2023-05-16,1.7418710028578157
2023-05-17,1.7614012453110144
2023-05-18,1.7728568821077995
2023-05-19,1.7700750611225806
2023-05-22,1.7816523212294855
2023-05-23,1.7613220395396778
2023-05-24,1.740593724162734
2023-05-25,1.744455515356491
2023-05-26,1.7607185358123854
2023-05-30,1.7469898801716641
2023-05-31,1.7432929637418475
2023-06-01,1.7798375014175187
2023-06-02,1.823039900480487
2023-06-05,1.8195395327508763
2023-06-06,1.836508501259011
2023-06-07,1.841282730164792
2023-06-08,1.8540125441841058
2023-06-09,1.8526305411639914
2023-06-12,1.8701335963476695
2023-06-13,1.8845439592352007
2023-06-14,1.8762303289443467
2023-06-15,1.8913522578809345
2023-06-16,1.8934035609588087
2023-06-20,1.8841652896585421
2023-06-21,1.8843445100927125
2023-06-22,1.8724881282224715
2023-06-23,1.8503088221775186
2023-06-26,1.8529762014431512
2023-06-27,1.870833651988213
2023-06-28,1.8685219590148778
2023-06-29,1.88443824032698
2023-06-30,1.904258810273787
2023-07-03,1.9048999053865339
2023-07-05,1.8893842465015487
2023-07-06,1.8493223684344968
2023-07-07,1.8658899767732067
2023-07-10,1.8841981839206003
2023-07-11,1.9020023349819377
2023-07-12,1.9212795130215314
2023-07-13,1.9438667834136063
2023-07-14,1.924859498134478
2023-07-17,1.9339877041406723
2023-07-18,1.9530027152050131
2023-07-19,1.952816646364485
2023-07-20,1.941016303188966
2023-07-21,1.9341422513810387
2023-07-24,1.9412738162867402
2023-07-25,1.9587411952736553
2023-07-26,1.948141496874715
2023-07-27,1.9286071557751376
2023-07-28,1.9511427775471604
2023-07-31,1.968969728459643
2023-08-01,1.964702862973898
2023-08-02,1.9367315830471172
2023-08-03,1.9330428681705334
2023-08-04,1.9328388117569344
2023-08-07,1.9473293455115577
2023-08-08,1.9413149344601612
2023-08-09,1.9347245345813526
2023-08-10,1.9309618910860424
2023-08-11,1.9370573999817828
2023-08-14,1.9365458154649076
2023-08-15,1.9069406396280149
2023-08-16,1.894121917067825
2023-08-17,1.8749599652523472
2023-08-18,1.88445597800214
2023-08-21,1.9031500991800054
2023-08-22,1.9055098927875287
2023-08-23,1.9252036434749498
2023-08-24,1.901074898934565
2023-08-25,1.912153872916696
2023-08-28,1.9264476349217317
2023-08-29,1.951090184079797
2023-08-30,1.9606355913541686
2023-08-31,1.9587885444695856
2023-09-01,1.9748120768089719
2023-09-05,1.9576833418165969
2023-09-06,1.9506350569695916
2023-09-07,1.9414853337203282
2023-09-08,1.9432612427689078
2023-09-11,1.962763508606292
2023-09-12,1.9520756876397136
2023-09-13,1.9560922104766083
2023-09-14,1.9869034344570153
2023-09-15,1.967660293316673
2023-09-18,1.9715389681126023
2023-09-19,1.9635452601459555
2023-09-20,1.9543809451516347
2023-09-21,1.9175880844788802
2023-09-22,1.9289293882438476
2023-09-25,1.953822572778663
2023-09-26,1.9206947706461321
2023-09-27,1.9262273935662317
2023-09-28,1.9519774791444748
2023-09-29,1.932557853045198
2023-10-02,1.9009090482738185
2023-10-03,1.867561803143194
2023-10-04,1.8746002144329097
2023-10-05,1.8802348333054677
2023-10-06,1.905086272327909
2023-10-09,1.9051564584279663
2023-10-10,1.9282775598906918
2023-10-11,1.9277287187412762
2023-10-12,1.8951722065933707
2023-10-13,1.8816423160823597
2023-10-16,1.8935203847178579
2023-10-17,1.9053280328475142
2023-10-18,1.8725291415023722
2023-10-19,1.862298237727802
2023-10-20,1.8392823639779872
2023-10-23,1.8380175710386126
2023-10-24,1.855200093717126
2023-10-25,1.8379536595171346
2023-10-26,1.8274828165177548
2023-10-27,1.811824820467677
2023-10-30,1.8343658532396452
2023-10-31,1.8584473195801072
2023-11-01,1.878302539101909
2023-11-02,1.9139212059487178
2023-11-03,1.9291170831576665
2023-11-06,1.9135718868498963
2023-11-07,1.9169960049349035
2023-11-08,1.9014182182481163
2023-11-09,1.9049673893469663
2023-11-10,1.9265451291329079
2023-11-13,1.9398312656292034
2023-11-14,1.9968459846891093
2023-11-15,1.9925849275341065
2023-11-16,1.9894683813386194
2023-11-17,2.008466337054468
2023-11-20,2.022915495524075
2023-11-21,2.0123137807810645
2023-11-22,2.0208141474022177
2023-11-24,2.023768133739041
2023-11-27,2.0194720287266863
2023-11-28,2.013519462823174
2023-11-29,2.001349456228388
2023-11-30,2.0267677140242895
2023-12-01,2.052924471227871
2023-12-04,2.0579411311366353
2023-12-05,2.043527904819783
2023-12-06,2.0398953587035304
2023-12-07,2.0524806939776696
2023-12-08,2.06959183479495
2023-12-11,2.0750858592391475
2023-12-12,2.084978268240733
2023-12-13,2.1125392250164885
2023-12-14,2.1617813867467452
2023-12-15,2.139071274343307
2023-12-18,2.154522832880484
2023-12-19,2.1546559826084444
2023-12-20,2.1374892589266397
2023-12-21,2.1616128705127293
2023-12-22,2.172159258692521
2023-12-26,2.1913374855176753
2023-12-27,2.1822907783513896
2023-12-28,2.176333123291305
2023-12-29,2.167411744410574
2024-01-02,2.1445520922960926
2024-01-03,2.1126533697389633
2024-01-04,2.1172040462014152
2024-01-05,2.1151169910355225
2024-01-08,2.142464296162658
2024-01-09,2.154386373205375
2024-01-10,2.169837818064233
2024-01-11,2.182879363240518
2024-01-12,2.2130699673816916
2024-01-16,2.190829631866633
2024-01-17,2.169841003104568
2024-01-18,2.18792140498528
2024-01-19,2.1964920713185454
2024-01-22,2.1969436543697576
2024-01-23,2.201805444558686
2024-01-24,2.1912516214980307
2024-01-25,2.19921812557617
2024-01-26,2.200572405689403
2024-01-29,2.2240247652623397
2024-01-30,2.2347507836048677
2024-01-31,2.203945308125738
2024-02-01,2.262332280686653
2024-02-02,2.2606941690356126
2024-02-05,2.2420444398738035
2024-02-06,2.2468457993608744
2024-02-07,2.268366217826894
2024-02-08,2.2564974814571346
2024-02-09,2.267544159452693
2024-02-12,2.2783313142974193
2024-02-13,2.2230499119840634
2024-02-14,2.2621900177500343
2024-02-15,2.280800227824892
2024-02-16,2.262696902506185
2024-02-20,2.2380578117251253
2024-02-21,2.2396080391522446
2024-02-22,2.2624484654259325
2024-02-23,2.2597844346898794
2024-02-26,2.270929018818384
2024-02-27,2.2877598145215496
2024-02-28,2.279594476930356
2024-02-29,2.2922357724736018
2024-03-01,2.3217315398781406
2024-03-04,2.317031223429979
2024-03-05,2.29697950565517
2024-03-06,2.3190425093140252
2024-03-07,2.3700973681643998
2024-03-08,2.3332694120257473
2024-03-11,2.3230213917058746
2024-03-12,2.341616864220869
2024-03-13,2.339947075396313
2024-03-14,2.327047443847795
2024-03-15,2.3317427449692003
2024-03-18,2.3408841611552766
2024-03-19,2.342986126997299
2024-03-20,2.387595026322435
2024-03-21,2.4090636192383372
2024-03-22,2.398501020210998
2024-03-25,2.386306077214566
2024-03-26,2.384477180386912
2024-03-27,2.4067173005469726
2024-03-28,2.4212325908115613
2024-04-01,2.43339247837191
2024-04-02,2.420764467683267
2024-04-03,2.451256604530443
2024-04-04,2.4122178433344437
2024-04-05,2.435577931776113
2024-04-08,2.437129896398058
2024-04-09,2.4305406191454844
2024-04-10,2.404718095955111
2024-04-11,2.4254526208322393
2024-04-12,2.391759833392495
2024-04-15,2.361373580079835
2024-04-16,2.3405587883587997
2024-04-17,2.331005456453913
2024-04-18,2.3299258159915235
2024-04-19,2.3208624219558938
2024-04-22,2.3350171240153994
2024-04-23,2.366192579842937
2024-04-24,2.357309762736806
2024-04-25,2.360462441870716
2024-04-26,2.385222535776799
2024-04-29,2.409909977122055
2024-04-30,2.3483779375293117
2024-05-01,2.3589273491282117
2024-05-02,2.390961723918519
2024-05-03,2.423800149557612
2024-05-06,2.46465928123648
2024-05-07,2.4653283992174186
2024-05-08,2.4524407984936496
2024-05-09,2.4883534703911176
2024-05-10,2.4795190615250022
2024-05-13,2.4687065239599026
2024-05-14,2.4891190591626695
2024-05-15,2.5180906333444133
2024-05-16,2.4975367215289523
2024-05-17,2.5216459125466066
2024-05-20,2.5384646182125232
2024-05-21,2.54169703322181
2024-05-22,2.5063186036396563
2024-05-23,2.4854084287590803
2024-05-24,2.5172796080896136
2024-05-28,2.520184475931302
2024-05-29,2.4966884900506896
2024-05-30,2.5031197397624245
2024-05-31,2.5134372860343714
2024-06-03,2.4866081140862244
2024-06-04,2.451300597873468
2024-06-05,2.473939156358043
2024-06-06,2.474918242666061
2024-06-07,2.4414326975867064
2024-06-10,2.4564910983732657
2024-06-11,2.426645959753326
2024-06-12,2.4734390780612254
2024-06-13,2.4702732770413225
2024-06-14,2.4463929359814007
2024-06-17,2.456031566619519
2024-06-18,2.475554227720452
2024-06-20,2.4693889138172027
2024-06-21,2.455719492634713
2024-06-24,2.455378775740362
2024-06-25,2.438658681651278
2024-06-26,2.4347574854230616
2024-06-27,2.4470603332075007
2024-06-28,2.433508250698784
2024-07-01,2.4237283477244556
2024-07-02,2.4220357591125237
2024-07-03,2.455571477119114
2024-07-05,2.44839367205328
2024-07-08,2.4477290434664956
2024-07-09,2.449145519672915
2024-07-10,2.493897268988571
2024-07-11,2.523255134938286
2024-07-12,2.5386775051073855
2024-07-15,2.536245369090777
2024-07-16,2.564337414095494
2024-07-17,2.5012947764111297
2024-07-18,2.4772758500930765
2024-07-19,2.4673747638165793
2024-07-22,2.494872219697563
2024-07-23,2.4966204441600706
2024-07-24,2.4423606179368176
2024-07-25,2.435115640288869
2024-07-26,2.4796384496223216
2024-07-29,2.4661969250358684
2024-07-30,2.469341992942266
2024-07-31,2.5199184469102303
2024-08-01,2.438160506216466
2024-08-02,2.3577777420227455
2024-08-05,2.2990098528648524
2024-08-06,2.318464537641561
2024-08-07,2.3040934839122404
2024-08-08,2.347287592079909
2024-08-09,2.353480391321159
2024-08-12,2.353541179416925
2024-08-13,2.3804816441745933
2024-08-14,2.3869567939303473
2024-08-15,2.424434598711325
2024-08-16,2.4221560464335177
2024-08-19,2.444810349970318
2024-08-20,2.436740881286057
2024-08-21,2.46128695106511
2024-08-22,2.4377399633526444
2024-08-23,2.510263267043689
2024-08-26,2.499073590478822
2024-08-27,2.5011677581489797
2024-08-28,2.469475410985431
2024-08-29,2.466593852299714
2024-08-30,2.4915432402638493
2024-09-03,2.399348764083709
2024-09-04,2.3980509563735204
2024-09-05,2.376952466871455
2024-09-06,2.333649063840841
2024-09-09,2.356410464107332
2024-09-10,2.3697785575071437
2024-09-11,2.412416092055581
2024-09-12,2.4418388759727936
2024-09-13,2.4606633419452346
2024-09-16,2.474657628723267
2024-09-17,2.4795747216768036
2024-09-18,2.4772361237321405
2024-09-19,2.537026340014818
2024-09-20,2.5417783664875357
2024-09-23,2.569328860788376
2024-09-24,2.594379092228486
2024-09-25,2.5804993313788342
2024-09-26,2.6053865448802322
2024-09-27,2.606830435012496
2024-09-30,2.6024655344740113
2024-10-01,2.6042675047483304
2024-10-02,2.615032926013116
2024-10-03,2.5991785835354757
2024-10-04,2.623950892139952
2024-10-07,2.6107475638186295
2024-10-08,2.6126047497311795
2024-10-09,2.616920751441995
2024-10-10,2.607758680861844
2024-10-11,2.6388381042029674
2024-10-14,2.6575959449300655
2024-10-15,2.6465693754279602
2024-10-16,2.6992118799278737
2024-10-17,2.703146831951441
2024-10-18,2.718960583494948
2024-10-21,2.700390622428568
2024-10-22,2.679851574183826
2024-10-23,2.6505793826074924
2024-10-24,2.657315231500496
2024-10-25,2.6465760041132786
2024-10-28,2.6714183880174565
